Messwert,X,Y,F,Sensor R1,Sensor R2,Sensor R3,Sensor R4,Sensor R5,Sensor R6,Sensor R7,Sensor R8
1,-290,116,10,3.266875,3.708,3.272625,3.25975,3.50375,3.587875,3.304625,3.2796250000000002
2,-290,116,10,3.1153750000000002,3.3200000000000003,2.470625,3.125875,3.365,3.2847500000000003,3.191375,3.195375
1-2,-290,116,10,0.15149999999999997,0.3879999999999999,0.802,0.13387499999999974,0.13874999999999993,0.30312499999999964,0.1132500000000003,0.08425000000000038
