Messwert,X,Y,F,Sensor 1,Sensor 2,Sensor 3,Sensor 4,Sensor 5,Sensor 6,Sensor 7,Sensor 8
1,-290,58,10,3.261375,3.71575,3.26775,3.263125,3.4991250000000003,3.58325,3.306,3.275875
2,-290,58,10,3.182375,2.904125,2.763625,3.1157500000000002,3.3485,3.14675,3.162,3.20375
1-2,-290,58,10,0.07900000000000018,0.8116249999999998,0.5041249999999997,0.1473749999999998,0.15062500000000023,0.4365000000000001,0.14400000000000013,0.07212500000000022
