Messwert,X,Y,F,Sensor 1,Sensor 2,Sensor 3,Sensor 4,Sensor 5,Sensor 6,Sensor 7,Sensor 8
1,-290,-58,10,3.253625,3.750625,3.2115,3.2475,3.5020000000000002,3.616375,3.308125,3.266625
2,-290,-58,10,2.871875,2.85,3.0045,3.12675,3.385875,3.150125,3.127875,3.2005
1-2,-290,-58,10,0.3817499999999998,0.9006249999999998,0.20699999999999985,0.12075000000000014,0.11612500000000026,0.46625000000000005,0.18025000000000002,0.06612499999999999
