Messwert,X,Y,F,Sensor 1,Sensor 2,Sensor 3,Sensor 4,Sensor 5,Sensor 6,Sensor 7,Sensor 8
1,-290,-116,10,3.321375,3.742625,3.20775,3.250625,3.512,3.601125,3.311375,3.267125
2,-290,-116,10,2.706625,3.18825,2.897875,3.107625,3.4090000000000003,3.239125,3.1397500000000003,3.204625
1-2,-290,-116,10,0.6147500000000004,0.5543749999999998,0.3098749999999999,0.1429999999999998,0.10299999999999976,0.3620000000000001,0.1716249999999997,0.0625
