Messwert,X,Y,F,Sensor R1,Sensor R2,Sensor R3,Sensor R4,Sensor R5,Sensor R6,Sensor R7,Sensor R8
1,-290,-290,10,3.3312500000000003,3.719875,3.2085,3.254125,3.503375,3.6105,3.308125,3.27075
2,-290,-290,10,1.72225,3.727375,2.973625,3.120875,3.45425,3.4665,3.172875,3.245375
1-2,-290,-290,10,1.6090000000000002,-0.00749999999999984,0.23487499999999972,0.1332500000000003,0.049125000000000085,0.14400000000000013,0.1352500000000001,0.025374999999999925
