Messwert,X,Y,F,Sensor R1,Sensor R2,Sensor R3,Sensor R4,Sensor R5,Sensor R6,Sensor R7,Sensor R8
1,290,290,15,3.198125,3.7110000000000003,3.207625,3.283125,3.489,3.583875,3.295,3.274375
2,290,290,15,3.1077500000000002,3.488875,3.121125,3.247875,1.087625,3.569375,3.16525,3.140375
1-2,290,290,15,0.09037499999999987,0.22212500000000013,0.08650000000000002,0.035250000000000004,2.401375,0.014499999999999957,0.12975000000000003,0.1339999999999999
