Messwert,X,Y,F,Sensor 1,Sensor 2,Sensor 3,Sensor 4,Sensor 5,Sensor 6,Sensor 7,Sensor 8
1,290,232,15,3.203,3.707375,3.206375,3.266625,3.49275,3.54475,3.29425,3.274125
2,290,232,15,3.203,3.707375,3.206375,3.266625,3.49275,3.54475,3.29425,3.274125
1-2,290,232,15,0.0,0.0,0.0,0.0,0.0,0.0,0.0,0.0
