Messwert,X,Y,F,Sensor 1,Sensor 2,Sensor 3,Sensor 4,Sensor 5,Sensor 6,Sensor 7,Sensor 8
1,290,174,15,3.2051250000000002,3.709,3.20775,3.27,3.5135,3.5543750000000003,3.28625,3.27225
2,290,174,15,3.2051250000000002,3.709,3.20775,3.27,3.5135,3.5543750000000003,3.28625,3.27225
1-2,290,174,15,0.0,0.0,0.0,0.0,0.0,0.0,0.0,0.0
