Messwert,X,Y,F,Sensor 1,Sensor 2,Sensor 3,Sensor 4,Sensor 5,Sensor 6,Sensor 7,Sensor 8
1,290,116,15,3.20325,3.706875,3.2062500000000003,3.270375,3.531,3.57775,3.276875,3.2680000000000002
2,290,116,15,3.20325,3.706875,3.2062500000000003,3.270375,3.531,3.57775,3.276875,3.2680000000000002
1-2,290,116,15,0.0,0.0,0.0,0.0,0.0,0.0,0.0,0.0
