Messwert,X,Y,F,Sensor 1,Sensor 2,Sensor 3,Sensor 4,Sensor 5,Sensor 6,Sensor 7,Sensor 8
1,290,58,15,3.199875,3.709,3.19875,3.271125,3.525,3.6121250000000003,3.263125,3.271
2,290,58,15,3.199875,3.709,3.19875,3.271125,3.525,3.6121250000000003,3.263125,3.271
1-2,290,58,15,0.0,0.0,0.0,0.0,0.0,0.0,0.0,0.0
