Messwert,X,Y,F,Sensor 1,Sensor 2,Sensor 3,Sensor 4,Sensor 5,Sensor 6,Sensor 7,Sensor 8
1,290,0,15,3.20425,3.69625,3.208,3.2607500000000003,3.51325,3.62625,3.24675,3.26725
2,290,0,15,3.20425,3.69625,3.208,3.2607500000000003,3.51325,3.62625,3.24675,3.26725
1-2,290,0,15,0.0,0.0,0.0,0.0,0.0,0.0,0.0,0.0
