Messwert,X,Y,F,Sensor 1,Sensor 2,Sensor 3,Sensor 4,Sensor 5,Sensor 6,Sensor 7,Sensor 8
1,290,-58,15,3.200375,3.707875,3.2146250000000003,3.262625,3.460125,3.622,3.23175,3.263625
2,290,-58,15,3.200375,3.707875,3.2146250000000003,3.262625,3.460125,3.622,3.23175,3.263625
1-2,290,-58,15,0.0,0.0,0.0,0.0,0.0,0.0,0.0,0.0
