Messwert,X,Y,F,Sensor 1,Sensor 2,Sensor 3,Sensor 4,Sensor 5,Sensor 6,Sensor 7,Sensor 8
1,290,-116,15,3.204125,3.708,3.2075,3.2685,3.4598750000000003,3.613875,3.3003750000000003,3.2760000000000002
2,290,-116,15,3.204125,3.708,3.2075,3.2685,3.4598750000000003,3.613875,3.3003750000000003,3.2760000000000002
1-2,290,-116,15,0.0,0.0,0.0,0.0,0.0,0.0,0.0,0.0
