Messwert,X,Y,F,Sensor 1,Sensor 2,Sensor 3,Sensor 4,Sensor 5,Sensor 6,Sensor 7,Sensor 8
1,290,-174,15,3.196375,3.708,3.210125,3.260875,3.473125,3.614125,3.295,3.264125
2,290,-174,15,3.196375,3.708,3.210125,3.260875,3.473125,3.614125,3.295,3.264125
1-2,290,-174,15,0.0,0.0,0.0,0.0,0.0,0.0,0.0,0.0
