Messwert,X,Y,F,Sensor R1,Sensor R2,Sensor R3,Sensor R4,Sensor R5,Sensor R6,Sensor R7,Sensor R8
1,290,-232,15,3.19375,3.712625,3.222875,3.281625,3.465,3.6005000000000003,3.284125,3.274375
2,290,-232,15,3.05925,3.430625,3.095875,3.1075,3.40375,3.472125,1.7725,3.1665
1-2,290,-232,15,0.13450000000000006,0.28200000000000003,0.12700000000000022,0.17412500000000009,0.061249999999999805,0.12837500000000013,1.511625,0.10787499999999994
