Messwert,X,Y,F,Sensor 1,Sensor 2,Sensor 3,Sensor 4,Sensor 5,Sensor 6,Sensor 7,Sensor 8
1,290,-290,15,3.1935000000000002,3.707375,3.210375,3.276625,3.4707500000000002,3.576625,3.301875,3.29175
2,290,-290,15,3.1935000000000002,3.707375,3.210375,3.276625,3.4707500000000002,3.576625,3.301875,3.29175
1-2,290,-290,15,0.0,0.0,0.0,0.0,0.0,0.0,0.0,0.0
